{
  "algorithm": "custom",
  "model": {
    "anchors_in": [
      0.18001960217952728,
      0.5690784454345703,
      0.8617804050445557
    ],
    "anchors_out": [
      0.1291960796713829,
      0.28873335242271425,
      0.86
    ],
    "sat_scale": 0.6358469041475258,
    "target_balance": [
      1.265915036201477,
      1.0,
      0.782335102558136
    ],
    "warm_tone": [
      0.055,
      -0.005,
      -0.05
    ],
    "cool_tone": [
      -0.028,
      0.005,
      0.038
    ],
    "cyan_suppression": 0.22,
    "vignette_strength": 0.33,
    "matte_lift": 0.05,
    "grain_strength": 0.022
  }
}